"site","sampling_unit_new","Riqueza","Shannon","Simpson","Abundancia"
"toledo","toledo_forest_2021_control_T10_1",1,1,1,1
"toledo","toledo_forest_2021_control_T10_2",8,5.66349281169108,4.34603174603175,37
"toledo","toledo_forest_2021_control_T10_3",11,8.14462934644646,6.80566801619433,41
"toledo","toledo_forest_2021_control_T6_1",2,1.81896851165317,1.68965517241379,7
"toledo","toledo_forest_2021_control_T6_2",2,1.88988157484231,1.8,3
"toledo","toledo_forest_2021_control_T6_3",1,1,1,7
"toledo","toledo_forest_2021_control_T7_1",4,3.60806871795753,3.32183908045977,17
"toledo","toledo_forest_2021_control_T7_2",15,10.3521589040312,8.06451612903226,50
"toledo","toledo_forest_2021_control_T7_3",5,4.41318919050333,3.96703296703297,19
"toledo","toledo_forest_2021_control_T8_1",10,6.86484248511227,5.17927170868347,43
"toledo","toledo_forest_2021_control_T8_2",14,10.7590153371119,9.05797101449275,50
"toledo","toledo_forest_2021_control_T8_3",10,5.65203803604723,4.26498422712934,52
"toledo","toledo_forest_2021_control_T9_1",7,2.4732338055106,1.71489817792069,80
"toledo","toledo_forest_2021_control_T9_2",12,4.76190142329301,2.84765625,54
"toledo","toledo_forest_2021_control_T9_3",10,8.37423451829348,7.14285714285714,20
"toledo","toledo_forest_2021_high_T11_1",9,4.31963263255405,3.13913043478261,38
"toledo","toledo_forest_2021_high_T11_2",15,10.875587780496,8.36585365853658,49
"toledo","toledo_forest_2021_high_T11_3",7,4.42614856462856,3.45497630331754,27
"toledo","toledo_forest_2021_high_T12_1",7,4.26654778971566,2.8,14
"toledo","toledo_forest_2021_high_T12_2",2,1.5691925832142,1.38461538461538,6
"toledo","toledo_forest_2021_high_T12_3",2,1.38414548846169,1.21951219512195,50
"toledo","toledo_forest_2021_high_T13_1",1,1,1,1
"toledo","toledo_forest_2021_high_T13_2",4,3.28365002793299,2.76056338028169,28
"toledo","toledo_forest_2021_high_T13_3",3,2.87174588749259,2.77777777777778,5
"toledo","toledo_forest_2021_high_T14_1",1,1,1,2
"toledo","toledo_forest_2021_high_T14_2",4,3.789291416276,3.57142857142857,5
"toledo","toledo_forest_2021_high_T14_3",3,3,3,3
"toledo","toledo_forest_2021_high_T15_1",12,3.52897965443072,2.00484913793103,122
"toledo","toledo_forest_2021_high_T15_2",5,2.85955287899081,2.07692307692308,18
"toledo","toledo_forest_2021_high_T15_3",8,6.10474492322215,4.97633136094675,29
"toledo","toledo_forest_2021_hyper_T16_1",1,1,1,1
"toledo","toledo_forest_2021_hyper_T16_2",2,1.5691925832142,1.38461538461538,6
"toledo","toledo_forest_2021_hyper_T16_3",2,1.81896851165317,1.68965517241379,7
"toledo","toledo_forest_2021_hyper_T17_1",4,2.52989492296576,1.94226327944573,29
"toledo","toledo_forest_2021_hyper_T17_2",9,5.39340483966926,3.5724907063197,31
"toledo","toledo_forest_2021_hyper_T17_3",10,6.35313202949656,4.75545851528384,33
"toledo","toledo_forest_2021_hyper_T19_1",3,1.98792628462815,1.60952380952381,13
"toledo","toledo_forest_2021_hyper_T19_2",1,1,1,5
"toledo","toledo_forest_2021_hyper_T19_3",2,1.96893818380527,1.93959731543624,17
"toledo","toledo_forest_2021_hyper_T20_1",1,1,1,2
"toledo","toledo_forest_2021_hyper_T20_2",1,1,1,3
"toledo","toledo_forest_2021_hyper_T20_3",3,2.74945927399721,2.57142857142857,6
"toledo","toledo_forest_2021_hyper_T66_1",1,1,1,2
"toledo","toledo_forest_2021_hyper_T66_2",2,1.81896851165317,1.68965517241379,7
"toledo","toledo_forest_2021_hyper_T66_3",5,4.33939062525723,3.78947368421053,12
"toledo","toledo_forest_2022_control_T10_1",5,3.21931238010102,2.39118065433855,41
"toledo","toledo_forest_2022_control_T10_2",8,5.06835767036596,3.74566473988439,36
"toledo","toledo_forest_2022_control_T10_3",11,6.4577316194607,4.82352941176471,82
"toledo","toledo_forest_2022_control_T6_1",4,3.34669632494723,2.89855072463768,20
"toledo","toledo_forest_2022_control_T6_2",5,3.58030814149673,3.025,22
"toledo","toledo_forest_2022_control_T6_3",5,4.13826368152481,3.61271676300578,25
"toledo","toledo_forest_2022_control_T7_1",11,7.70983486307248,6.06859205776173,41
"toledo","toledo_forest_2022_control_T7_2",8,4.42594102302164,3.35195530726257,60
"toledo","toledo_forest_2022_control_T7_3",7,5.43525669688454,4.47239263803681,27
"toledo","toledo_forest_2022_control_T8_1",11,6.60172322343375,4.70804597701149,64
"toledo","toledo_forest_2022_control_T8_2",11,5.39903531891027,3.32411067193676,116
"toledo","toledo_forest_2022_control_T8_3",16,13.3122294460067,11.2133333333333,58
"toledo","toledo_forest_2022_control_T9_1",7,5.61565976845781,4.56756756756757,39
"toledo","toledo_forest_2022_control_T9_2",14,10.3879005915093,7.7197549770291,71
"toledo","toledo_forest_2022_control_T9_3",13,8.22547103314926,5.35047619047619,53
"toledo","toledo_forest_2022_high_T11_1",15,12.2666075577496,10.5361596009975,65
"toledo","toledo_forest_2022_high_T11_2",17,11.9737002702517,9.13207547169811,88
"toledo","toledo_forest_2022_high_T11_3",14,11.2908608519852,9.8,42
"toledo","toledo_forest_2022_high_T12_1",6,5.12518467223022,4.45679012345679,19
"toledo","toledo_forest_2022_high_T12_2",2,1.75476535060332,1.6,4
"toledo","toledo_forest_2022_high_T12_3",6,5.11809846176617,4.54639175257732,21
"toledo","toledo_forest_2022_high_T13_1",8,6.96638268523111,6.23076923076923,27
"toledo","toledo_forest_2022_high_T13_2",7,5.18814104268939,4.23348017621145,31
"toledo","toledo_forest_2022_high_T13_3",12,8.38142579880717,6.36842105263158,44
"toledo","toledo_forest_2022_high_T14_1",5,4.34115281760506,3.90322580645161,11
"toledo","toledo_forest_2022_high_T15_1",13,6.40580925924626,3.85744794447411,85
"toledo","toledo_forest_2022_high_T15_2",7,5.85477152209661,5.04166666666667,22
"toledo","toledo_forest_2022_high_T15_3",10,6.52246970297094,4.70897832817337,39
"toledo","toledo_forest_2022_hyper_T16_1",2,1.64938488846612,1.47058823529412,5
"toledo","toledo_forest_2022_hyper_T16_2",2,1.5691925832142,1.38461538461538,6
"toledo","toledo_forest_2022_hyper_T16_3",2,1.5691925832142,1.38461538461538,6
"toledo","toledo_forest_2022_hyper_T17_1",9,8.07280995511898,7.41025641025641,17
"toledo","toledo_forest_2022_hyper_T17_2",5,4.39227984198708,4.05,18
"toledo","toledo_forest_2022_hyper_T17_3",5,3.89322047476173,3.125,10
"toledo","toledo_forest_2022_hyper_T19_1",1,1,1,1
"toledo","toledo_forest_2022_hyper_T19_2",4,2.76112394331948,2.39072847682119,19
"toledo","toledo_forest_2022_hyper_T19_3",2,1.45756926498109,1.28,8
"toledo","toledo_forest_2022_hyper_T20_1",2,1.88988157484231,1.8,3
"toledo","toledo_forest_2022_hyper_T20_2",4,3.17003282492367,2.57894736842105,7
"toledo","toledo_forest_2022_hyper_T20_3",7,6.26120069029542,5.55555555555555,10
"toledo","toledo_forest_2022_hyper_T66_1",1,1,1,1
"toledo","toledo_forest_2022_hyper_T66_2",1,1,1,3
"toledo","toledo_forest_2022_hyper_T66_3",1,1,1,2
"toledo","toledo_scrub_2021_control_T51_1",1,1,1,1
"toledo","toledo_scrub_2021_control_T51_2",10,6.86583850936673,5.5944055944056,40
"toledo","toledo_scrub_2021_control_T51_3",5,5,5,5
"toledo","toledo_scrub_2021_control_T52_1",1,1,1,1
"toledo","toledo_scrub_2021_control_T52_2",1,1,1,2
"toledo","toledo_scrub_2021_control_T52_3",1,1,1,7
"toledo","toledo_scrub_2021_control_T53_1",12,5.92353043872946,3.46153846153846,30
"toledo","toledo_scrub_2021_control_T53_2",10,6.73979860362694,4.57142857142857,24
"toledo","toledo_scrub_2021_control_T53_3",12,4.71185433875452,2.47342995169082,32
"toledo","toledo_scrub_2021_control_T64_1",18,12.0713641015655,9.61498708010336,61
"toledo","toledo_scrub_2021_control_T64_2",8,7.55952629936924,7.2,12
"toledo","toledo_scrub_2021_control_T64_3",13,11.0360613485991,9.5609756097561,28
"toledo","toledo_scrub_2021_control_T65_1",13,7.79690478545004,5.08695652173913,39
"toledo","toledo_scrub_2021_control_T65_2",14,10.6544858809675,8.75675675675676,36
"toledo","toledo_scrub_2021_control_T65_3",13,7.94396101366008,5.53142857142857,44
"toledo","toledo_scrub_2021_high_T56_1",6,5.65685424949238,5.33333333333333,8
"toledo","toledo_scrub_2021_high_T56_2",2,1.64938488846612,1.47058823529412,5
"toledo","toledo_scrub_2021_high_T56_3",1,1,1,2
"toledo","toledo_scrub_2021_high_T57_1",10,5.16559062228438,3.13194959229059,65
"toledo","toledo_scrub_2021_high_T57_2",1,1,1,5
"toledo","toledo_scrub_2021_high_T57_3",4,3.789291416276,3.57142857142857,5
"toledo","toledo_scrub_2021_high_T58_1",11,6.0021330397798,3.57142857142857,40
"toledo","toledo_scrub_2021_high_T58_2",1,1,1,5
"toledo","toledo_scrub_2021_high_T58_3",2,1.27753191707406,1.14213197969543,15
"toledo","toledo_scrub_2021_high_T59_1",11,6.90259395352385,4.8594249201278,39
"toledo","toledo_scrub_2021_high_T59_2",5,4.75682846001088,4.57142857142857,8
"toledo","toledo_scrub_2021_high_T59_3",7,3.8624769735943,2.55102040816327,25
"toledo","toledo_scrub_2021_high_T60_1",6,4.18329562718971,3.53107344632768,25
"toledo","toledo_scrub_2021_high_T60_2",3,2.74945927399721,2.57142857142857,6
"toledo","toledo_scrub_2021_high_T60_3",1,1,1,2
"toledo","toledo_scrub_2021_hyper_T21_1",1,1,1,1
"toledo","toledo_scrub_2021_hyper_T21_2",1,1,1,1
"toledo","toledo_scrub_2021_hyper_T21_3",1,1,1,2
"toledo","toledo_scrub_2021_hyper_T22_1",1,1,1,1
"toledo","toledo_scrub_2021_hyper_T22_2",3,2.87174588749259,2.77777777777778,5
"toledo","toledo_scrub_2021_hyper_T22_3",4,2.92572655996732,2.28571428571429,8
"toledo","toledo_scrub_2021_hyper_T23_1",4,3.789291416276,3.57142857142857,5
"toledo","toledo_scrub_2021_hyper_T23_2",5,4.71065067421325,4.45454545454546,7
"toledo","toledo_scrub_2021_hyper_T23_3",6,4.09805945133898,2.96491228070175,13
"toledo","toledo_scrub_2021_hyper_T24_1",5,4.71065067421325,4.45454545454546,7
"toledo","toledo_scrub_2021_hyper_T24_2",4,4,4,4
"toledo","toledo_scrub_2021_hyper_T24_3",1,1,1,1
"toledo","toledo_scrub_2021_hyper_T25_1",2,2,2,2
"toledo","toledo_scrub_2021_hyper_T25_2",2,2,2,2
"toledo","toledo_scrub_2021_hyper_T25_3",1,1,1,1
"toledo","toledo_scrub_2022_control_T51_1",12,7.06136662446388,4.95918367346939,54
"toledo","toledo_scrub_2022_control_T51_2",11,6.26866524272042,4.45264076822348,101
"toledo","toledo_scrub_2022_control_T51_3",8,4.9326252580366,3.27237354085603,29
"toledo","toledo_scrub_2022_control_T52_1",8,6.60343045121615,5.73394495412844,25
"toledo","toledo_scrub_2022_control_T52_2",12,7.15339568669649,4.68050314465409,61
"toledo","toledo_scrub_2022_control_T52_3",7,4.75212616681981,3.65822784810127,17
"toledo","toledo_scrub_2022_control_T53_1",28,17.8651161431032,12.789020452099,109
"toledo","toledo_scrub_2022_control_T53_2",16,14.4857729445182,13.2352941176471,30
"toledo","toledo_scrub_2022_control_T53_3",14,9.0561011223988,6.71428571428571,47
"toledo","toledo_scrub_2022_control_T64_1",23,17.7253126919587,14.5921568627451,122
"toledo","toledo_scrub_2022_control_T64_2",11,9.46773305980036,8.18181818181818,30
"toledo","toledo_scrub_2022_control_T64_3",16,9.42769859478751,5.90175438596491,58
"toledo","toledo_scrub_2022_control_T65_1",10,7.21204601497612,5.566534914361,65
"toledo","toledo_scrub_2022_control_T65_2",19,12.6081966655238,9.10837438423645,129
"toledo","toledo_scrub_2022_control_T65_3",19,14.1475249285049,11.9870740305523,101
"toledo","toledo_scrub_2022_high_T56_1",3,1.98127168926922,1.58823529411765,9
"toledo","toledo_scrub_2022_high_T56_2",9,6.73085751910163,5.15789473684211,28
"toledo","toledo_scrub_2022_high_T56_3",2,1.88988157484231,1.8,3
"toledo","toledo_scrub_2022_high_T57_1",10,8.33536910045111,7.04166666666667,26
"toledo","toledo_scrub_2022_high_T57_2",5,4.11800628602304,3.68852459016393,15
"toledo","toledo_scrub_2022_high_T57_3",13,10.2030358232021,7.80722891566265,36
"toledo","toledo_scrub_2022_high_T58_1",11,5.85739105953573,3.82352941176471,65
"toledo","toledo_scrub_2022_high_T58_2",7,4.39222028411084,3.12639405204461,29
"toledo","toledo_scrub_2022_high_T58_3",3,2.82842712474619,2.66666666666667,4
"toledo","toledo_scrub_2022_high_T59_1",25,18.8864196602008,15.1484593837535,104
"toledo","toledo_scrub_2022_high_T59_2",11,8.97528232576235,7.40740740740741,20
"toledo","toledo_scrub_2022_high_T59_3",12,8.23740253621308,6.28837209302326,52
"toledo","toledo_scrub_2022_high_T60_1",11,7.38354436547051,5.04477611940298,26
"toledo","toledo_scrub_2022_high_T60_2",14,12.1699709827942,10.6363636363636,39
"toledo","toledo_scrub_2022_high_T60_3",3,2.22959187392042,1.85185185185185,10
"toledo","toledo_scrub_2022_hyper_T21_1",2,1.88988157484231,1.8,3
"toledo","toledo_scrub_2022_hyper_T21_2",3,2.55202792428089,2.31428571428571,9
"toledo","toledo_scrub_2022_hyper_T21_3",10,9.24513873696807,8.69565217391304,20
"toledo","toledo_scrub_2022_hyper_T22_1",5,4.15424173615638,3.6,12
"toledo","toledo_scrub_2022_hyper_T22_2",3,2.4782069486465,2.12280701754386,11
"toledo","toledo_scrub_2022_hyper_T23_1",4,3.15522464708129,2.61290322580645,9
"toledo","toledo_scrub_2022_hyper_T23_2",3,2.70479734326014,2.45454545454545,9
"toledo","toledo_scrub_2022_hyper_T23_3",3,2.4782069486465,2.12280701754386,11
"toledo","toledo_scrub_2022_hyper_T24_1",3,3,3,9
"toledo","toledo_scrub_2022_hyper_T24_2",3,2.3811015779523,2,6
"toledo","toledo_scrub_2022_hyper_T24_3",6,5.68586601302565,5.45161290322581,13
"toledo","toledo_scrub_2022_hyper_T25_1",2,1.88988157484231,1.8,3
"toledo","toledo_scrub_2022_hyper_T25_2",4,4,4,4
"toledo","toledo_scrub_2022_hyper_T25_3",3,2.82842712474619,2.66666666666667,4
"valencia","valencia_scrub_2021_controlhigh_T17_1",4,2.22147689498119,1.69851380042463,40
"valencia","valencia_scrub_2021_controlhigh_T17_2",4,2.03681325617793,1.5281173594132,25
"valencia","valencia_scrub_2021_controlhigh_T17_3",7,2.92171318547323,1.95661375661376,43
"valencia","valencia_scrub_2021_controlhigh_T18_1",1,1,1,55
"valencia","valencia_scrub_2021_controlhigh_T18_2",4,2.05468978689653,1.53061224489796,75
"valencia","valencia_scrub_2021_controlhigh_T18_3",5,3.36116427407237,2.65301944728761,72
"valencia","valencia_scrub_2021_controlhigh_T19_1",5,2.6537693439143,1.95127610208817,29
"valencia","valencia_scrub_2021_controlhigh_T19_2",6,3.07159375047598,2.42558033682294,73
"valencia","valencia_scrub_2021_controlhigh_T19_3",8,2.42904631353296,1.58246575342466,76
"valencia","valencia_scrub_2021_controlhigh_T21_1",2,1.35613141338627,1.1980198019802,11
"valencia","valencia_scrub_2021_controlhigh_T21_2",7,2.2757052537826,1.53940886699507,50
"valencia","valencia_scrub_2021_controlhigh_T21_3",3,1.88703111793127,1.51331719128329,25
"valencia","valencia_scrub_2021_controlhigh_T22_1",3,1.76135912114648,1.41176470588235,60
"valencia","valencia_scrub_2021_controlhigh_T22_2",3,2.60049000598966,2.33333333333333,35
"valencia","valencia_scrub_2021_controlhigh_T22_3",5,2.94636983554803,2.10280373831776,15
"valencia","valencia_scrub_2021_controlhyper_T45_1",4,3.04750691006697,2.58790170132325,37
"valencia","valencia_scrub_2021_controlhyper_T45_2",3,1.38779621270349,1.1858386262056,71
"valencia","valencia_scrub_2021_controlhyper_T45_3",4,2.959063616867,2.37642585551331,25
"valencia","valencia_scrub_2021_controlhyper_T46_1",2,1.84202277503731,1.72413793103448,50
"valencia","valencia_scrub_2021_controlhyper_T46_2",2,1.50699306577254,1.32432432432432,35
"valencia","valencia_scrub_2021_controlhyper_T46_3",2,1.15315984697923,1.06659267480577,62
"valencia","valencia_scrub_2021_controlhyper_T47_1",2,1.5691925832142,1.38461538461538,60
"valencia","valencia_scrub_2021_controlhyper_T47_2",4,2.46236536321444,1.91715976331361,36
"valencia","valencia_scrub_2021_controlhyper_T47_3",5,2.80427414428505,2.23948811700183,35
"valencia","valencia_scrub_2021_controlhyper_T48_1",2,1.35613141338627,1.1980198019802,11
"valencia","valencia_scrub_2021_controlhyper_T48_2",1,1,1,30
"valencia","valencia_scrub_2021_controlhyper_T48_3",4,2.3961071275899,2.0398406374502,32
"valencia","valencia_scrub_2021_controlhyper_T49_1",3,1.20175770184067,1.07853050219076,80
"valencia","valencia_scrub_2021_controlhyper_T49_2",3,1.14366215313026,1.0515938218863,80
"valencia","valencia_scrub_2021_controlhyper_T49_3",5,2.59677729217027,2.00296735905045,45
"valencia","valencia_scrub_2021_high_T11_1",6,2.0630322810844,1.45561610124802,91
"valencia","valencia_scrub_2021_high_T11_2",4,1.37254835340392,1.15774578565276,97
"valencia","valencia_scrub_2021_high_T11_3",5,2.14032159692684,1.57318768619662,89
"valencia","valencia_scrub_2021_high_T1_1",4,1.34948652629445,1.13596024139155,80
"valencia","valencia_scrub_2021_high_T1_2",4,1.48673425538718,1.20531267293857,66
"valencia","valencia_scrub_2021_high_T1_3",3,2.01963929931604,1.66233766233766,80
"valencia","valencia_scrub_2021_high_T2_1",5,2.849620482513,2.05247376311844,37
"valencia","valencia_scrub_2021_high_T2_2",9,7.03287449429707,5.75280898876404,32
"valencia","valencia_scrub_2021_high_T2_3",7,2.94400347249538,2.09920634920635,46
"valencia","valencia_scrub_2021_high_T3_1",11,8.76919597289811,7.53119429590018,65
"valencia","valencia_scrub_2021_high_T3_2",7,1.88952047549824,1.40155211494871,95.5
"valencia","valencia_scrub_2021_high_T3_3",11,4.96444907704301,2.98845182244677,91
"valencia","valencia_scrub_2021_high_T4_1",8,3.01673903084965,1.96571028691393,106
"valencia","valencia_scrub_2021_high_T4_2",6,3.78782275627896,2.98507462686567,40
"valencia","valencia_scrub_2021_high_T4_3",7,4.01664508931029,2.85646836638338,55
"valencia","valencia_scrub_2021_high_T5_1",9,3.26990746305194,2.01286326822296,65
"valencia","valencia_scrub_2021_high_T5_2",7,6.59340187603965,6.17094017094017,38
"valencia","valencia_scrub_2021_high_T5_3",8,4.72475988254854,3.3195020746888,40
"valencia","valencia_scrub_2021_high_T6_1",3,1.53730155102344,1.26849894291755,60
"valencia","valencia_scrub_2021_high_T6_2",3,1.44433567793667,1.20398009950249,22
"valencia","valencia_scrub_2021_high_T6_3",7,4.72375843716995,3.55882352941177,22
"valencia","valencia_scrub_2021_high_T7_1",12,6.5362271284688,3.87976539589443,63
"valencia","valencia_scrub_2021_high_T7_2",6,2.95288024817897,2.23239197005784,81
"valencia","valencia_scrub_2021_high_T7_3",4,2.38165994553076,1.83658170914543,35
"valencia","valencia_scrub_2021_high_T8_1",11,6.74971888583445,4.83383685800604,80
"valencia","valencia_scrub_2021_high_T8_2",9,5.10187665848327,3.48033126293996,41
"valencia","valencia_scrub_2021_high_T8_3",7,2.28952344896455,1.54151822417101,75
"valencia","valencia_scrub_2021_high_T9_1",4,3.22520697381713,2.8,70
"valencia","valencia_scrub_2021_high_T9_2",5,2.68558527078648,2.25772594752187,88
"valencia","valencia_scrub_2021_high_T9_3",11,6.17298677304563,3.89263157894737,43
"valencia","valencia_scrub_2021_hyper_T38_1",9,3.58909244597545,2.66356478167502,61
"valencia","valencia_scrub_2021_hyper_T38_2",2,1.88988157484231,1.8,3
"valencia","valencia_scrub_2021_hyper_T38_3",2,1.44328965573469,1.26774847870183,25
"valencia","valencia_scrub_2021_hyper_T39_1",4,2.19793918646398,1.65142857142857,51
"valencia","valencia_scrub_2021_hyper_T39_2",3,1.60037177616151,1.30617283950617,23
"valencia","valencia_scrub_2021_hyper_T39_3",1,1,1,15
"valencia","valencia_scrub_2021_hyper_T40_1",4,1.61264988157295,1.31088324399907,75
"valencia","valencia_scrub_2021_hyper_T40_2",4,1.75210723779705,1.34763476347635,35
"valencia","valencia_scrub_2021_hyper_T40_3",4,3.36358566101486,2.90909090909091,40
"valencia","valencia_scrub_2021_hyper_T41_1",2,1.75476535060332,1.6,20
"valencia","valencia_scrub_2021_hyper_T41_2",3,2.35570723630467,2.02020202020202,20
"valencia","valencia_scrub_2021_hyper_T41_3",4,1.96301746165438,1.50507059057467,87
"valencia","valencia_scrub_2021_hyper_T42_1",3,2.36517352331106,1.99115044247788,15
"valencia","valencia_scrub_2021_hyper_T42_2",3,1.48349040282257,1.22699386503067,20
"valencia","valencia_scrub_2021_hyper_T42_3",2,1.75476535060332,1.6,20
"valencia","valencia_scrub_2021_hyper_T43_1",3,1.37080243509724,1.16267942583732,27
"valencia","valencia_scrub_2021_hyper_T43_2",1,1,1,80
"valencia","valencia_scrub_2021_hyper_T43_3",3,1.3193159169015,1.13525498891353,32
"valencia","valencia_scrub_2021_hyper_T44_1",4,1.63206710139366,1.28877429591432,57
"valencia","valencia_scrub_2021_hyper_T44_2",3,1.38602791458299,1.1739837398374,76
"valencia","valencia_scrub_2021_hyper_T44_3",2,1.35613141338627,1.1980198019802,33
"valencia","valencia_scrub_2021_hyper_T58_1",5,3.92040755021105,3.44836272040302,37
"valencia","valencia_scrub_2021_hyper_T58_2",4,3.24853807658997,2.83018867924528,30
"valencia","valencia_scrub_2021_hyper_T58_3",2,1.21959061791417,1.10497237569061,40
"valencia","valencia_scrub_2021_hyper_T59_1",5,3.33766470524163,2.64796905222437,37
"valencia","valencia_scrub_2021_hyper_T59_2",2,1.55219472247223,1.36761487964989,25
"valencia","valencia_scrub_2021_hyper_T59_3",2,1.64938488846612,1.47058823529412,25
"valencia","valencia_scrub_2021_hyper_T60_1",4,2.27062413864426,1.73159144893112,27
"valencia","valencia_scrub_2021_hyper_T60_2",4,3.4579789224902,3.1025641025641,11
"valencia","valencia_scrub_2021_hyper_T60_3",3,1.61135678030722,1.37324910738808,100
"valencia","valencia_scrub_2022_controlhigh_T17_1",10,6.49844544351631,5.11776649746193,71
"valencia","valencia_scrub_2022_controlhigh_T17_2",6,4.93787066944709,4.41176470588235,30
"valencia","valencia_scrub_2022_controlhigh_T17_3",5,2.79230510797879,2.06843718079673,45
"valencia","valencia_scrub_2022_controlhigh_T18_1",9,3.96912338169657,2.49589790337284,74
"valencia","valencia_scrub_2022_controlhigh_T18_2",6,5.31878166958274,4.83018867924528,32
"valencia","valencia_scrub_2022_controlhigh_T18_3",7,5.32687039138631,4.51815181518152,37
"valencia","valencia_scrub_2022_controlhigh_T19_1",8,3.80252982827794,2.7757225433526,49
"valencia","valencia_scrub_2022_controlhigh_T19_2",7,3.81698541272851,2.84705882352941,66
"valencia","valencia_scrub_2022_controlhigh_T19_3",10,5.22052722791721,3.20294117647059,66
"valencia","valencia_scrub_2022_controlhigh_T21_1",4,2.26177397525089,2.02320117474302,83
"valencia","valencia_scrub_2022_controlhigh_T21_2",5,4.03861342100873,3.68852459016393,45
"valencia","valencia_scrub_2022_controlhigh_T21_3",4,3.58312099892313,3.2133676092545,50
"valencia","valencia_scrub_2022_controlhigh_T22_1",6,3.84607030885115,3.18683127572016,88
"valencia","valencia_scrub_2022_controlhigh_T22_2",9,4.80486702806725,3.10699001426534,66
"valencia","valencia_scrub_2022_controlhigh_T22_3",9,7.28914177837902,6,24
"valencia","valencia_scrub_2022_controlhyper_T45_1",6,3.07955119865424,2.51304347826087,51
"valencia","valencia_scrub_2022_controlhyper_T45_2",3,2.30182962119833,2.14674441205053,47
"valencia","valencia_scrub_2022_controlhyper_T45_3",6,4.00070055015924,3.25618945102261,55
"valencia","valencia_scrub_2022_controlhyper_T46_1",6,4.47152265826667,3.85333333333333,68
"valencia","valencia_scrub_2022_controlhyper_T46_2",7,4.65340198633627,3.47244094488189,42
"valencia","valencia_scrub_2022_controlhyper_T46_3",6,4.19309446062569,3.46107784431138,34
"valencia","valencia_scrub_2022_controlhyper_T47_1",6,4.60214527116336,4.13907284768212,50
"valencia","valencia_scrub_2022_controlhyper_T47_2",6,4.43250806582171,3.82797731568998,45
"valencia","valencia_scrub_2022_controlhyper_T47_3",4,2.2964617068313,1.80817322354376,77
"valencia","valencia_scrub_2022_controlhyper_T48_1",7,3.77659896461489,2.89473684210526,55
"valencia","valencia_scrub_2022_controlhyper_T48_2",5,3.84780670364076,3.23745819397993,44
"valencia","valencia_scrub_2022_controlhyper_T48_3",6,4.47206264311656,3.601246105919,68
"valencia","valencia_scrub_2022_controlhyper_T49_1",6,3.8365594820909,2.93129770992366,48
"valencia","valencia_scrub_2022_controlhyper_T49_2",10,5.37545939789512,3.80437158469945,59
"valencia","valencia_scrub_2022_controlhyper_T49_3",5,1.75180461323222,1.31428571428571,46
"valencia","valencia_scrub_2022_high_T11_1",10,5.29345316675816,3.67718972454348,109
"valencia","valencia_scrub_2022_high_T11_2",8,5.54170871205709,4.50066934404284,82
"valencia","valencia_scrub_2022_high_T11_3",10,6.79260723408657,5.51489361702128,72
"valencia","valencia_scrub_2022_high_T1_1",5,2.55209943147126,1.79604911906033,116
"valencia","valencia_scrub_2022_high_T1_2",6,4.63083790945527,3.66666666666667,44
"valencia","valencia_scrub_2022_high_T1_3",2,1.45756926498109,1.28,40
"valencia","valencia_scrub_2022_high_T2_1",8,6.2360368946296,5.25210084033613,50
"valencia","valencia_scrub_2022_high_T2_2",7,5.19052203753371,4.225,26
"valencia","valencia_scrub_2022_high_T2_3",10,6.62618730045751,5.26027397260274,48
"valencia","valencia_scrub_2022_high_T3_1",11,7.57349071096121,5.82849604221636,47
"valencia","valencia_scrub_2022_high_T3_2",7,3.88551001683956,3.03342618384401,99
"valencia","valencia_scrub_2022_high_T3_3",11,7.45872690643721,5.89795918367347,51
"valencia","valencia_scrub_2022_high_T4_1",7,3.05534224640294,2.00142112742776,65
"valencia","valencia_scrub_2022_high_T4_2",11,6.16049821615848,4.58559882439383,79
"valencia","valencia_scrub_2022_high_T4_3",10,6.07324292926281,4.09090909090909,45
"valencia","valencia_scrub_2022_high_T5_1",7,2.86347144608402,2.02092675635277,52
"valencia","valencia_scrub_2022_high_T5_2",9,6.38178723002316,4.95505617977528,42
"valencia","valencia_scrub_2022_high_T5_3",9,5.04323848391963,3.59237536656892,35
"valencia","valencia_scrub_2022_high_T6_1",6,3.40212187022223,2.56813417190776,35
"valencia","valencia_scrub_2022_high_T6_2",7,4.94617647223853,3.98089171974522,25
"valencia","valencia_scrub_2022_high_T6_3",9,5.65625339893249,4.58165548098434,64
"valencia","valencia_scrub_2022_high_T7_1",9,3.73477060541807,2.21476330569671,91
"valencia","valencia_scrub_2022_high_T7_2",7,4.96892286869818,4.33948339483395,84
"valencia","valencia_scrub_2022_high_T7_3",11,3.91990903975658,2.31414267834794,86
"valencia","valencia_scrub_2022_high_T8_1",5,3.88832259447933,3.1304347826087,60
"valencia","valencia_scrub_2022_high_T8_2",5,2.60996902672475,1.87112171837709,56
"valencia","valencia_scrub_2022_high_T8_3",6,2.59543812140242,1.81792385906834,124
"valencia","valencia_scrub_2022_high_T9_1",7,5.15870201287435,4.38965952080706,59
"valencia","valencia_scrub_2022_high_T9_2",10,5.11664033320131,3.32473734479465,59
"valencia","valencia_scrub_2022_high_T9_3",10,6.68258959088625,5.60349854227405,62
"valencia","valencia_scrub_2022_hyper_T38_1",4,2.66357908901965,2.24427480916031,42
"valencia","valencia_scrub_2022_hyper_T38_2",2,2,2,4
"valencia","valencia_scrub_2022_hyper_T38_3",5,4.58575641234582,4.26315789473684,9
"valencia","valencia_scrub_2022_hyper_T39_1",3,2.9615804296196,2.92771084337349,27
"valencia","valencia_scrub_2022_hyper_T39_2",2,1.35613141338627,1.1980198019802,11
"valencia","valencia_scrub_2022_hyper_T39_3",7,5.43525669688454,4.47239263803681,27
"valencia","valencia_scrub_2022_hyper_T40_1",4,2.1064400879038,1.59006211180124,32
"valencia","valencia_scrub_2022_hyper_T40_2",4,3.22540934214625,2.84810126582278,15
"valencia","valencia_scrub_2022_hyper_T40_3",9,5.71752163967453,3.84407484407484,43
"valencia","valencia_scrub_2022_hyper_T41_1",4,3.38924527733983,2.94117647058824,10
"valencia","valencia_scrub_2022_hyper_T41_2",2,1.15315984697923,1.06659267480577,31
"valencia","valencia_scrub_2022_hyper_T41_3",5,4.15345812788728,3.78125,22
"valencia","valencia_scrub_2022_hyper_T42_1",5,3.89322047476173,3.125,10
"valencia","valencia_scrub_2022_hyper_T42_2",1,1,1,5
"valencia","valencia_scrub_2022_hyper_T42_3",4,2.68627163867871,2.06422018348624,15
"valencia","valencia_scrub_2022_hyper_T43_1",4,3.69688017169954,3.50485436893204,19
"valencia","valencia_scrub_2022_hyper_T43_2",2,1.69100211307349,1.51928783382789,32
"valencia","valencia_scrub_2022_hyper_T43_3",3,2.4782069486465,2.12280701754386,11
"valencia","valencia_scrub_2022_hyper_T44_1",4,2.68581028636753,2.08670520231214,38
"valencia","valencia_scrub_2022_hyper_T44_2",5,4.42969931918413,4.11184210526316,50
"valencia","valencia_scrub_2022_hyper_T44_3",2,1.73787764154912,1.57786116322702,29
"valencia","valencia_scrub_2022_hyper_T58_1",5,4.53829418154616,4.23529411764706,24
"valencia","valencia_scrub_2022_hyper_T58_2",4,3.6375755182318,3.32704402515723,23
"valencia","valencia_scrub_2022_hyper_T58_3",7,3.13025024041554,2,36
"valencia","valencia_scrub_2022_hyper_T59_1",6,3.96278149134483,3.24719101123596,34
"valencia","valencia_scrub_2022_hyper_T59_2",4,3.63589398742314,3.3719298245614,31
"valencia","valencia_scrub_2022_hyper_T59_3",4,3.26083454126127,2.89265536723164,32
"valencia","valencia_scrub_2022_hyper_T60_1",3,2.45502514409486,2.25333333333333,13
"valencia","valencia_scrub_2022_hyper_T60_2",5,2.57240993870952,1.85781990521327,28
"valencia","valencia_scrub_2022_hyper_T60_3",3,1.94115845282576,1.67932067932068,41
